{
    "012314": {
        "average_distances": {
            "Left_Foot": 0.14338178932666779,
            "Left_Lower_Arm": 0.2660118043422699,
            "Left_Pelvis_Height": 0.2228720784187317,
            "Left_Shank": 0.43243303894996643,
            "Left_Thigh": 0.3936231732368469,
            "Left_Torso_Height": 0.37637704610824585,
            "Left_Upper_Arm": 0.25683990120887756,
            "Pelvis_Width": 0.12056244164705276,
            "Right_Foot": 0.14941903948783875,
            "Right_Lower_Arm": 0.26987627148628235,
            "Right_Pelvis_Height": 0.2278444617986679,
            "Right_Shank": 0.4256433844566345,
            "Right_Thigh": 0.3901882469654083,
            "Right_Torso_Height": 0.369523823261261,
            "Right_Upper_Arm": 0.2630918622016907,
            "Torso_Width": 0.38288676738739014
        },
        "filename": "012314",
        "num_frames": 170,
        "opensim_distances": {
            "Left_Foot": 0.137552,
            "Left_Lower_Arm": 0.252475,
            "Left_Pelvis_Height": 0.183138,
            "Left_Shank": 0.396498,
            "Left_Thigh": 0.409628,
            "Left_Torso_Height": 0.408563,
            "Left_Upper_Arm": 0.286733,
            "Pelvis_Width": 0.15452,
            "Right_Foot": 0.137552,
            "Right_Lower_Arm": 0.252475,
            "Right_Pelvis_Height": 0.183138,
            "Right_Shank": 0.396498,
            "Right_Thigh": 0.409628,
            "Right_Torso_Height": 0.408563,
            "Right_Upper_Arm": 0.286733,
            "Torso_Width": 0.34
        },
        "scale_factors": {
            "Left_Foot": 1.0423824395622585,
            "Left_Lower_Arm": 1.0536164148619462,
            "Left_Pelvis_Height": 1.2169625005118092,
            "Left_Shank": 1.0906310724138997,
            "Left_Thigh": 0.960928386821328,
            "Left_Torso_Height": 0.921221564625886,
            "Left_Upper_Arm": 0.8957458723233027,
            "Pelvis_Width": 0.7802384263982188,
            "Right_Foot": 1.0862731148063185,
            "Right_Lower_Arm": 1.06892275071307,
            "Right_Pelvis_Height": 1.2441135198520674,
            "Right_Shank": 1.0735070150584227,
            "Right_Thigh": 0.9525429095799318,
            "Right_Torso_Height": 0.904447596236715,
            "Right_Upper_Arm": 0.9175499932051444,
            "Torso_Width": 1.1261375511393827
        },
        "statistics": {
            "cv": {
                "Left_Foot": 8.63094896885741e-07,
                "Left_Lower_Arm": 9.241912835022958e-07,
                "Left_Pelvis_Height": 2.1057687149550475e-07,
                "Left_Shank": 1.780599347966927e-07,
                "Left_Thigh": 1.531394389076013e-07,
                "Left_Torso_Height": 0.058532070368528366,
                "Left_Upper_Arm": 4.5263482206792105e-07,
                "Pelvis_Width": 7.428982371493476e-07,
                "Right_Foot": 1.586813709764101e-06,
                "Right_Lower_Arm": 7.982898182490317e-07,
                "Right_Pelvis_Height": 2.1851278120266215e-07,
                "Right_Shank": 1.87642982041325e-07,
                "Right_Thigh": 2.284573383803945e-07,
                "Right_Torso_Height": 0.05725809931755066,
                "Right_Upper_Arm": 2.8900166171297315e-07,
                "Torso_Width": 0.0471884161233902
            },
            "max": {
                "Left_Foot": 0.14338211715221405,
                "Left_Lower_Arm": 0.266012579202652,
                "Left_Pelvis_Height": 0.22287224233150482,
                "Left_Shank": 0.43243324756622314,
                "Left_Thigh": 0.393623411655426,
                "Left_Torso_Height": 0.4533100426197052,
                "Left_Upper_Arm": 0.25684046745300293,
                "Pelvis_Width": 0.12056268751621246,
                "Right_Foot": 0.14941957592964172,
                "Right_Lower_Arm": 0.2698771357536316,
                "Right_Pelvis_Height": 0.22784462571144104,
                "Right_Shank": 0.4256436824798584,
                "Right_Thigh": 0.39018863439559937,
                "Right_Torso_Height": 0.4383458197116852,
                "Right_Upper_Arm": 0.2630921006202698,
                "Torso_Width": 0.3968210816383362
            },
            "min": {
                "Left_Foot": 0.14338138699531555,
                "Left_Lower_Arm": 0.266010582447052,
                "Left_Pelvis_Height": 0.22287194430828094,
                "Left_Shank": 0.43243274092674255,
                "Left_Thigh": 0.3936229944229126,
                "Left_Torso_Height": 0.3393922746181488,
                "Left_Upper_Arm": 0.25683942437171936,
                "Pelvis_Width": 0.12056201696395874,
                "Right_Foot": 0.1494184285402298,
                "Right_Lower_Arm": 0.26987555623054504,
                "Right_Pelvis_Height": 0.2278442680835724,
                "Right_Shank": 0.42564284801483154,
                "Right_Thigh": 0.3901878595352173,
                "Right_Torso_Height": 0.33189657330513,
                "Right_Upper_Arm": 0.26309168338775635,
                "Torso_Width": 0.31814345717430115
            },
            "std": {
                "Left_Foot": 1.237520876884446e-07,
                "Left_Lower_Arm": 2.4584579705333454e-07,
                "Left_Pelvis_Height": 4.6931706521036176e-08,
                "Left_Shank": 7.699900095303747e-08,
                "Left_Thigh": 6.027923404872126e-08,
                "Left_Torso_Height": 0.02203012816607952,
                "Left_Upper_Arm": 1.1625468232523417e-07,
                "Pelvis_Width": 8.956562425055381e-08,
                "Right_Foot": 2.3710018126621435e-07,
                "Right_Lower_Arm": 2.154394849185337e-07,
                "Right_Pelvis_Height": 4.978692658141881e-08,
                "Right_Shank": 7.986899674961023e-08,
                "Right_Thigh": 8.914136628845881e-08,
                "Right_Torso_Height": 0.021158231422305107,
                "Right_Upper_Arm": 7.603398444189224e-08,
                "Torso_Width": 0.018067819997668266
            }
        }
    },
    "results": {
        "average_distances": {
            "Left_Foot": 0.14370444416999817,
            "Left_Lower_Arm": 0.26633766293525696,
            "Left_Pelvis_Height": 0.2217245101928711,
            "Left_Shank": 0.43488267064094543,
            "Left_Thigh": 0.3933625817298889,
            "Left_Torso_Height": 0.3603958785533905,
            "Left_Upper_Arm": 0.2578948736190796,
            "Pelvis_Width": 0.123458631336689,
            "Right_Foot": 0.14974460005760193,
            "Right_Lower_Arm": 0.27204430103302,
            "Right_Pelvis_Height": 0.2295726239681244,
            "Right_Shank": 0.42783239483833313,
            "Right_Thigh": 0.38869255781173706,
            "Right_Torso_Height": 0.37667253613471985,
            "Right_Upper_Arm": 0.2652144730091095,
            "Torso_Width": 0.39735525846481323
        },
        "filename": "results",
        "num_frames": 120,
        "opensim_distances": {
            "Left_Foot": 0.137552,
            "Left_Lower_Arm": 0.252475,
            "Left_Pelvis_Height": 0.183138,
            "Left_Shank": 0.396498,
            "Left_Thigh": 0.409628,
            "Left_Torso_Height": 0.408563,
            "Left_Upper_Arm": 0.286733,
            "Pelvis_Width": 0.15452,
            "Right_Foot": 0.137552,
            "Right_Lower_Arm": 0.252475,
            "Right_Pelvis_Height": 0.183138,
            "Right_Shank": 0.396498,
            "Right_Thigh": 0.409628,
            "Right_Torso_Height": 0.408563,
            "Right_Upper_Arm": 0.286733,
            "Torso_Width": 0.34
        },
        "scale_factors": {
            "Left_Foot": 1.044728133142362,
            "Left_Lower_Arm": 1.054907071730892,
            "Left_Pelvis_Height": 1.2106963611750217,
            "Left_Shank": 1.0968092415117994,
            "Left_Thigh": 0.9602922205754707,
            "Left_Torso_Height": 0.8821060119330201,