{
    "regressed_female": {
        "average_distances": {
            "Left_Foot": 0.12888455390930176,
            "Left_Lower_Arm": 0.2381894439458847,
            "Left_Pelvis_Height": 0.20698824524879456,
            "Left_Shank": 0.38598182797431946,
            "Left_Thigh": 0.36555948853492737,
            "Left_Torso_Height": 0.3665970265865326,
            "Left_Upper_Arm": 0.25303295254707336,
            "Pelvis_Width": 0.14041222631931305,
            "Right_Foot": 0.12860830128192902,
            "Right_Lower_Arm": 0.2453538030385971,
            "Right_Pelvis_Height": 0.20413877069950104,
            "Right_Shank": 0.3861730396747589,
            "Right_Thigh": 0.3725226819515228,
            "Right_Torso_Height": 0.36352846026420593,
            "Right_Upper_Arm": 0.24716469645500183,
            "Torso_Width": 0.32693782448768616
        },
        "filename": "regressed_female",
        "num_frames": 1,
        "statistics": {
            "cv": {
                "Left_Foot": NaN,
                "Left_Lower_Arm": NaN,
                "Left_Pelvis_Height": NaN,
                "Left_Shank": NaN,
                "Left_Thigh": NaN,
                "Left_Torso_Height": NaN,
                "Left_Upper_Arm": NaN,
                "Pelvis_Width": NaN,
                "Right_Foot": NaN,
                "Right_Lower_Arm": NaN,
                "Right_Pelvis_Height": NaN,
                "Right_Shank": NaN,
                "Right_Thigh": NaN,
                "Right_Torso_Height": NaN,
                "Right_Upper_Arm": NaN,
                "Torso_Width": NaN
            },
            "max": {
                "Left_Foot": 0.12888455390930176,
                "Left_Lower_Arm": 0.2381894439458847,
                "Left_Pelvis_Height": 0.20698824524879456,
                "Left_Shank": 0.38598182797431946,
                "Left_Thigh": 0.36555948853492737,
                "Left_Torso_Height": 0.3665970265865326,
                "Left_Upper_Arm": 0.25303295254707336,
                "Pelvis_Width": 0.14041222631931305,
                "Right_Foot": 0.12860830128192902,
                "Right_Lower_Arm": 0.2453538030385971,
                "Right_Pelvis_Height": 0.20413877069950104,
                "Right_Shank": 0.3861730396747589,
                "Right_Thigh": 0.3725226819515228,
                "Right_Torso_Height": 0.36352846026420593,
                "Right_Upper_Arm": 0.24716469645500183,
                "Torso_Width": 0.32693782448768616
            },
            "min": {
                "Left_Foot": 0.12888455390930176,
                "Left_Lower_Arm": 0.2381894439458847,
                "Left_Pelvis_Height": 0.20698824524879456,
                "Left_Shank": 0.38598182797431946,
                "Left_Thigh": 0.36555948853492737,
                "Left_Torso_Height": 0.3665970265865326,
                "Left_Upper_Arm": 0.25303295254707336,
                "Pelvis_Width": 0.14041222631931305,
                "Right_Foot": 0.12860830128192902,
                "Right_Lower_Arm": 0.2453538030385971,
                "Right_Pelvis_Height": 0.20413877069950104,
                "Right_Shank": 0.3861730396747589,
                "Right_Thigh": 0.3725226819515228,
                "Right_Torso_Height": 0.36352846026420593,
                "Right_Upper_Arm": 0.24716469645500183,
                "Torso_Width": 0.32693782448768616
            },
            "std": {
                "Left_Foot": NaN,
                "Left_Lower_Arm": NaN,
                "Left_Pelvis_Height": NaN,
                "Left_Shank": NaN,
                "Left_Thigh": NaN,
                "Left_Torso_Height": NaN,
                "Left_Upper_Arm": NaN,
                "Pelvis_Width": NaN,
                "Right_Foot": NaN,
                "Right_Lower_Arm": NaN,
                "Right_Pelvis_Height": NaN,
                "Right_Shank": NaN,
                "Right_Thigh": NaN,
                "Right_Torso_Height": NaN,
                "Right_Upper_Arm": NaN,
                "Torso_Width": NaN
            }
        }
    },
    "regressed_male": {
        "average_distances": {
            "Left_Foot": 0.14217662811279297,
            "Left_Lower_Arm": 0.26611465215682983,
            "Left_Pelvis_Height": 0.21465978026390076,
            "Left_Shank": 0.42876744270324707,
            "Left_Thigh": 0.3889874517917633,
            "Left_Torso_Height": 0.4044293463230133,
            "Left_Upper_Arm": 0.2568381130695343,
            "Pelvis_Width": 0.11924706399440765,
            "Right_Foot": 0.14850956201553345,
            "Right_Lower_Arm": 0.26926156878471375,
            "Right_Pelvis_Height": 0.22582928836345673,
            "Right_Shank": 0.4218955934047699,
            "Right_Thigh": 0.3861488699913025,
            "Right_Torso_Height": 0.40305963158607483,
            "Right_Upper_Arm": 0.2623938322067261,
            "Torso_Width": 0.3908483684062958
        },
        "filename": "regressed_male",
        "num_frames": 1,
        "statistics": {
            "cv": {
                "Left_Foot": NaN,
                "Left_Lower_Arm": NaN,
                "Left_Pelvis_Height": NaN,
                "Left_Shank": NaN,
                "Left_Thigh": NaN,
                "Left_Torso_Height": NaN,
                "Left_Upper_Arm": NaN,
                "Pelvis_Width": NaN,
                "Right_Foot": NaN,
                "Right_Lower_Arm": NaN,
                "Right_Pelvis_Height": NaN,
                "Right_Shank": NaN,
                "Right_Thigh": NaN,
                "Right_Torso_Height": NaN,
                "Right_Upper_Arm": NaN,
                "Torso_Width": NaN
            },
            "max": {
                "Left_Foot": 0.14217662811279297,
                "Left_Lower_Arm": 0.26611465215682983,
                "Left_Pelvis_Height": 0.21465978026390076,
                "Left_Shank": 0.42876744270324707,
                "Left_Thigh": 0.3889874517917633,
                "Left_Torso_Height": 0.4044293463230133,
                "Left_Upper_Arm": 0.2568381130695343,
                "Pelvis_Width": 0.11924706399440765,
                "Right_Foot": 0.14850956201553345,
                "Right_Lower_Arm": 0.26926156878471375,
                "Right_Pelvis_Height": 0.22582928836345673,
                "Right_Shank": 0.4218955934047699,
                "Right_Thigh": 0.3861488699913025,
                "Right_Torso_Height": 0.40305963158607483,
                "Right_Upper_Arm": 0.2623938322067261,
                "Torso_Width": 0.3908483684062958
            },
            "min": {
                "Left_Foot": 0.14217662811279297,
                "Left_Lower_Arm": 0.26611465215682983,
                "Left_Pelvis_Height": 0.21465978026390076,
                "Left_Shank": 0.42876744270324707,
                "Left_Thigh": 0.3889874517917633,
                "Left_Torso_Height": 0.4044293463230133,
                "Left_Upper_Arm": 0.2568381130695343,
                "Pelvis_Width": 0.11924706399440765,
                "Right_Foot": 0.14850956201553345,
                "Right_Lower_Arm": 0.26926156878471375,
                "Right_Pelvis_Height": 0.22582928836345673,
                "Right_Shank": 0.4218955934047699,
                "Right_Thigh": 0.3861488699913025,
                "Right_Torso_Height": 0.40305963158607483,
                "Right_Upper_Arm": 0.2623938322067261,
                "Torso_Width": 0.3908483684062958
            },
            "std": {
                "Left_Foot": NaN,
                "Left_Lower_Arm": NaN,
                "Left_Pelvis_Height": NaN,
                "Left_Shank": NaN,
                "Left_Thigh": NaN,
                "Left_Torso_Height": NaN,
                "Left_Upper_Arm": NaN,
                "Pelvis_Width": NaN,
                "Right_Foot": NaN,
                "Right_Lower_Arm": NaN,
                "Right_Pelvis_Height": NaN,
                "Right_Shank": NaN,
                "Right_Thigh": NaN,