{
    "regressed_neutral": {
        "average_distances": {
            "Left_Foot": 0.13430221378803253,
            "Left_Lower_Arm": 0.24939829111099243,
            "Left_Pelvis_Height": 0.21385684609413147,
            "Left_Shank": 0.4005827009677887,
            "Left_Thigh": 0.37678781151771545,
            "Left_Torso_Height": 0.38384202122688293,
            "Left_Upper_Arm": 0.26137229800224304,
            "Pelvis_Width": 0.1372157633304596,
            "Right_Foot": 0.13481946289539337,
            "Right_Lower_Arm": 0.25547686219215393,
            "Right_Pelvis_Height": 0.2110399305820465,
            "Right_Shank": 0.40096548199653625,
            "Right_Thigh": 0.38458219170570374,
            "Right_Torso_Height": 0.38063687086105347,
            "Right_Upper_Arm": 0.25499147176742554,
            "Torso_Width": 0.3476274013519287
        },
        "filename": "regressed_neutral",
        "num_frames": 1,
        "statistics": {
            "cv": {
                "Left_Foot": NaN,
                "Left_Lower_Arm": NaN,
                "Left_Pelvis_Height": NaN,
                "Left_Shank": NaN,
                "Left_Thigh": NaN,
                "Left_Torso_Height": NaN,
                "Left_Upper_Arm": NaN,
                "Pelvis_Width": NaN,
                "Right_Foot": NaN,
                "Right_Lower_Arm": NaN,
                "Right_Pelvis_Height": NaN,
                "Right_Shank": NaN,
                "Right_Thigh": NaN,
                "Right_Torso_Height": NaN,
                "Right_Upper_Arm": NaN,
                "Torso_Width": NaN
            },
            "max": {
                "Left_Foot": 0.13430221378803253,
                "Left_Lower_Arm": 0.24939829111099243,
                "Left_Pelvis_Height": 0.21385684609413147,
                "Left_Shank": 0.4005827009677887,
                "Left_Thigh": 0.37678781151771545,
                "Left_Torso_Height": 0.38384202122688293,
                "Left_Upper_Arm": 0.26137229800224304,
                "Pelvis_Width": 0.1372157633304596,
                "Right_Foot": 0.13481946289539337,
                "Right_Lower_Arm": 0.25547686219215393,
                "Right_Pelvis_Height": 0.2110399305820465,
                "Right_Shank": 0.40096548199653625,
                "Right_Thigh": 0.38458219170570374,
                "Right_Torso_Height": 0.38063687086105347,
                "Right_Upper_Arm": 0.25499147176742554,
                "Torso_Width": 0.3476274013519287
            },
            "min": {
                "Left_Foot": 0.13430221378803253,
                "Left_Lower_Arm": 0.24939829111099243,
                "Left_Pelvis_Height": 0.21385684609413147,
                "Left_Shank": 0.4005827009677887,
                "Left_Thigh": 0.37678781151771545,
                "Left_Torso_Height": 0.38384202122688293,
                "Left_Upper_Arm": 0.26137229800224304,
                "Pelvis_Width": 0.1372157633304596,
                "Right_Foot": 0.13481946289539337,
                "Right_Lower_Arm": 0.25547686219215393,
                "Right_Pelvis_Height": 0.2110399305820465,
                "Right_Shank": 0.40096548199653625,
                "Right_Thigh": 0.38458219170570374,
                "Right_Torso_Height": 0.38063687086105347,
                "Right_Upper_Arm": 0.25499147176742554,
                "Torso_Width": 0.3476274013519287
            },
            "std": {
                "Left_Foot": NaN,
                "Left_Lower_Arm": NaN,
                "Left_Pelvis_Height": NaN,
                "Left_Shank": NaN,
                "Left_Thigh": NaN,
                "Left_Torso_Height": NaN,
                "Left_Upper_Arm": NaN,
                "Pelvis_Width": NaN,
                "Right_Foot": NaN,
                "Right_Lower_Arm": NaN,
                "Right_Pelvis_Height": NaN,
                "Right_Shank": NaN,
                "Right_Thigh": NaN,
                "Right_Torso_Height": NaN,
                "Right_Upper_Arm": NaN,
                "Torso_Width": NaN
            }
        }
    }
}